식당이름,구분,평점,주소,영업시간,전화번호,리뷰수,별점건수
서일순대국전문 구로점,순대,4.5,서울 구로구 구로중앙로 6 1층,매일 00:00 ~ 24:00,02-855-9833,19,26건
우돈생고기,육류/고기,4.7,서울 구로구 개봉로2길 81,매일 11:00 ~ 23:00,02-6012-4193,1,16건
월래순교자관,중식,3.8,서울 구로구 디지털로19길 13,화~일 11:00 ~ 22:00 · 브레이크타임 화~일 16:00 ~ 16:30,02-855-8488,324,85건
신림춘천집 구로디지털직영점,닭요리,4.7,서울 구로구 디지털로32나길 17-23 우남산업 102호,월~금 11:00 ~ 24:00 · 브레이크타임 월~금 14:30 ~ 16:30,070-8624-1998,190,187건
평양냉면,냉면,3.8,서울 구로구 고척로10길 65,매일 11:30 ~ 20:30 · 브레이크타임 매일 14:40 ~ 16:00,02-2614-2263,81,60건
강촌숯불닭갈비 본점,닭요리,3.0,서울 구로구 공원로6나길 35-2,영업시간 화~일 16:00 ~ 23:30,02-851-2194,216,71건
갓파스시 구로점,초밥/롤,2.8,서울 구로구 디지털로 288 대륭포스트타워1차 214호,월/화/수/목/일 11:00 ~ 21:30,02-864-4377,84,59건
메이비,카페,3.2,서울 구로구 디지털로32나길 51,매일 09:00 ~ 23:30,02-859-3073,82,69건
스시메이진 구로점,초밥/롤,2.7,서울 구로구 디지털로 300 지밸리몰 2층 6호,매일 11:30 ~ 22:00,02-6344-3782,179,49건
한판참숯소갈비 구로디지털점,갈비,3.8,서울 구로구 시흥대로163길 12,영업시간 매일 15:30 ~ 01:00,02-867-7048,63,28건
화양가옥 구로디지털단지점,호프/요리주점,4.7,서울 구로구 디지털로32나길 17-23,매일 11:00 ~ 23:00 · 브레이크타임 매일 15:00 ~ 17:00,02-838-0877,127,18건
신도림참족발,족발/보쌈,4.0,서울 구로구 경인로 661,매일 14:00 ~ 02:00,02-3439-7182,102,42건
이도식당 신도림본점,닭요리,3.1,서울 구로구 경인로 661 푸르지오1차 2층 243호,매일 11:00 ~ 22:00 · 브레이크타임 매일 16:00 ~ 17:00,02-3439-7668,99,33건
컴포,베트남음식,4.9,서울 구로구 경인로67길 23 1층 105호,화~일 11:30 ~ 23:30,0507-1318-3841,85,15건
새벽집양곱창 신도림점,곱창/막창,3.3,서울 구로구 경인로61길 21 크라운빌상가 108호,,02-2296-0325,63,19건
최우영스시,초밥/롤,2.8,서울 구로구 디지털로 288 대륭포스트타운 지하 1층,매일 11:30 ~ 21:20 · 브레이크타임 매일 15:00 ~ 17:30,02-2082-3430,104,50건
오사카로,일본식주점,4.2,서울 구로구 경인로67길 23 대우푸르지오 206호,영업시간 매일 17:00 ~ 03:00,02-2634-2223,70,11건
라도맨션,삼겹살,2.8,서울 구로구 공원로6다길 20 혜성빌딩 3층,영업시간 월~토 15:00 ~ 22:30,02-3667-1001,135,45건
송림가,갈비,3.1,서울 구로구 경인로 398,매일 11:30 ~ 22:00,02-2066-6000,13,14건
옛날마차 신관,회,2.6,서울 구로구 디지털로32길 97-13,영업시간 월~토 16:00 ~ 04:00,02-866-3779,97,7건
세광양대창 구로디지털점,곱창/막창,3.8,서울 구로구 디지털로32나길 7 2층,영업시간 월~토 16:00 ~ 24:00,02-851-0365,81,12건
라그릴리아 신도림디큐브시티점,이탈리안,3.4,서울 구로구 경인로 662 현대백화점 별관 2층,매일 11:00 ~ 23:00,02-2210-9255,126,23건
원조부안집 신도림점,육류/고기,4.3,서울 구로구 공원로6나길 18 1층,영업시간 매일 16:00 ~ 02:00,02-6406-1236,100,10건
초가집부뚜막청국장,한식,4.3,서울 구로구 구로중앙로28길 24,매일 08:30 ~ 22:00,02-863-0600,22,21건
롤링파스타 구로디지털역점,이탈리안,3.7,서울 구로구 디지털로32길 79 2층,매일 11:30 ~ 22:00,02-868-0410,74,18건
진사향,중화요리,3.9,서울 구로구 새말로 20 코코모호텔 지하1층,화~일 11:00 ~ 21:30 · 브레이크타임 화~일 15:00 ~ 17:00,02-2229-5507,37,14건
속초붉은대게,게/대게,4.5,서울 구로구 디지털로32다길 9 라이프플러스 1층 106호,매일 12:00 ~ 23:30,02-866-8919,59,21건
봉고기 신도림본점,육류/고기,4.1,서울 구로구 경인로 619-3,,02-3667-8426,37,14건
이춘복참치 신도림점,참치회,2.1,서울 구로구 경인로 662 3층,매일 11:00 ~ 01:00,02-2211-0375,45,48건
풍천참숯불즉석장어구이,장어,0.0,서울 구로구 구로동로 184 효진빌딩 1층,매일 11:30 ~ 23:00,02-868-9514,44,0건
다원국수,국수,4.2,서울 구로구 경인로 22 109호,화~금 11:00 ~ 20:00 · 브레이크타임 화~금 15:00 ~ 17:00,02-2060-0090,50,33건
데일리스위츠,디저트카페,2.5,서울 구로구 중앙로 9 1층,화~일 11:00 ~ 21:00,02-877-6126,38,22건
서울안심축산 구로본점,육류/고기,4.3,서울 구로구 공원로 47,매일 11:30 ~ 23:00,02-854-5445,31,11건
문어부인삼교비 신도림점,육류/고기,3.1,서울 구로구 신도림동 337 신도림 푸르지오아파트 1차 상가 2층 228호,월~토 10:30 ~ 24:00,02-3439-7892,67,19건
말뚝곱창 루프탑점,곱창/막창,1.4,서울 구로구 디지털로32나길 22 6층,영업시간 매일 17:00 ~ 01:00,02-853-6905,83,11건
맛찬들왕소금구이 구로점,육류/고기,4.0,서울 구로구 디지털로32나길 17-28,월~금 11:00 ~ 01:00,02-868-6692,50,24건
오목집 신도림점,족발/보쌈,3.5,서울 구로구 경인로 661 신도림1차푸르지오 1층 128/137호,매일 11:00 ~ 23:30 · 브레이크타임 매일 15:00 ~ 16:00,02-2677-1636,122,6건
오비스트로,이탈리안,4.2,서울 구로구 구로중앙로15길 12,월/화/수/목/금/일 11:00 ~ 22:00,0507-1305-6751,118,16건
어다리횟집 구로점,회,2.7,서울 구로구 시흥대로 551,매일 11:30 ~ 23:30,02-858-5060,270,9건
진심갈비,갈비,4.3,서울 구로구 경서로 11 1층,매일 11:30 ~ 23:00,02-2689-9992,82,10건
밀리,카페,4.0,서울 구로구 새말로 62 1층,월~금 10:30 ~ 23:00,02-856-3121,55,22건
육장장이 구로디지털점,육류/고기,2.7,서울 구로구 디지털로32나길 17-8,월~금 11:30 ~ 23:30,02-864-9998,98,6건
밤새먹소,육류/고기,3.1,서울 구로구 경인로 572 스타팰리스 1층,매일 11:00 ~ 23:00,02-2068-7637,76,13건
고바우,육류/고기,4.3,서울 구로구 부일로1길 9,,02-2611-5586,48,17건
황제해물보쌈 구로본점,한식,3.8,서울 구로구 디지털로32길 92 1층 115호,매일 10:30 ~ 23:30,02-838-3777,42,18건
뒤뜰,장어,2.8,서울 구로구 안양천로539길 6,매일 11:30 ~ 22:00,02-2613-1973,36,17건
에버애프터,카페,4.2,서울 구로구 새말로18길 36-10,월~금 13:00 ~ 22:00,070-7543-1098,82,13건
곱창대장,곱창/막창,3.8,서울 구로구 공원로6나길 46,영업시간 매일 14:30 ~ 00:30,02-856-6067,83,12건
백년불고기 구로디지털점,불고기/두루치기,4.5,서울 구로구 시흥대로163길 15 1층,영업시간 매일 17:00 ~ 24:00,02-865-5024,28,8건
대두족발,족발/보쌈,4.7,서울 구로구 디지털로32길 97-6 1층,영업시간 매일 17:00 ~ 24:00,02-888-3088,120,3건
닥터로빈 고척점,양식,4.3,서울 구로구 경인로46길 51 3층,매일 11:00 ~ 21:00 · 브레이크타임 월~금 15:00 ~ 17:00,02-2066-8211,23,10건
이미커피로스터스,커피전문점,4.0,서울 구로구 디지털로27길 116 1층 101호,,070-4240-5228,52,15건
속초오징어어시장 구로디지털점,회,4.6,서울 구로구 디지털로32나길 26 1층,영업시간 월~금 16:00 ~ 06:00,02-868-2925,38,5건
서일순대국전문 구로점,순대,4.5,서울 구로구 구로중앙로 6 1층,매일 00:00 ~ 24:00,02-855-9833,19,26건
소담촌 고척점,샤브샤브,4.0,서울 구로구 경인로 397 골든타워빌딩 2층,매일 11:00 ~ 22:00,02-2625-8388,34,11건
쭉심 오류동점,해물/생선,4.6,서울 구로구 경인로23길 8,영업시간 매일 17:00 ~ 02:00,02-2684-1235,65,12건
스시웨이 신도림점,초밥/롤,3.0,서울 구로구 경인로67길 23,매일 11:30 ~ 22:30,02-2679-2777,82,21건
옹기종기감자옹심이,한식,4.2,서울 구로구 서해안로30길 13-8,,070-8151-2454,14,15건
할머니추어탕,추어,3.2,서울 구로구 개봉로19길 39,매일 10:30 ~ 21:30,02-2615-1023,30,15건
눈꽃한우서래갈비,갈비,3.8,서울 구로구 공원로 83 2층,매일 11:00 ~ 23:00,02-862-3611,36,14건
김영태의이자카야마을,일본식주점,1.5,서울 구로구 디지털로32나길 17-12 2층,영업시간 매일 17:00 ~ 02:00,02-830-8711,123,15건
서울안심축산정육식당 신도림점,육류/고기,3.8,서울 구로구 경인로 661 푸르지오1차오피스텔 2층 244호,월~금 11:00 ~ 23:00,02-3439-8077,14,13건
실크로드,중화요리,2.6,서울 구로구 경인로 398,매일 11:30 ~ 22:00 · 브레이크타임 매일 15:00 ~ 17:00,02-2066-6100,21,18건
청담이상 신도림점,일본식주점,4.8,서울 구로구 경인로 661 신도림1차푸르지오 1층 122호,영업시간 매일 17:00 ~ 03:00,02-3667-2590,29,4건
택이네조개전골 구로디지털직영점,조개,2.3,서울 구로구 디지털로34길 27 대륭포스트타워3차 1층 114호,월~금 10:30 ~ 21:50,02-856-1470,111,9건
스시히라,초밥/롤,3.8,서울 구로구 경인로 619-3,월~금 11:30 ~ 22:00 · 브레이크타임 월~금 15:00 ~ 17:00,02-2638-0077,33,10건
숙이네조개전골 신도림점,조개,4.0,서울 구로구 새말로16길 29,영업시간 매일 16:00 ~ 24:00,02-861-6522,37,7건
브라운핸즈 구로점,카페,2.9,서울 구로구 디지털로32다길 52 1층,매일 11:00 ~ 22:00,02-852-3137,24,17건
신선회수산 신도림점,회,4.8,서울 구로구 공원로6다길 14,,02-867-0408,24,14건
카페노아,카페,3.6,서울 구로구 서해안로30길 12 2층,매일 12:00 ~ 22:00,02-2060-0369,6,5건
소천지,갈비,2.5,서울 구로구 경인로43길 21,매일 11:30 ~ 22:00,02-2688-5500,4,4건
말뚝곱창 구로디지털단지점,곱창/막창,2.8,서울 구로구 시흥대로 571 부호빌딩 1층,영업시간 월~토 17:00 ~ 01:00,02-866-5298,76,19건
갈비명가,갈비,3.3,서울 구로구 가마산로 260,매일 11:00 ~ 23:00,02-853-7002,22,7건
만복영양솥밥,한식,3.7,서울 구로구 구로중앙로19길 13,월~토 11:00 ~ 21:00,02-864-2367,29,12건
스타벅스 구로호텔점,커피전문점,3.3,서울 구로구 디지털로32길 72 구로호텔 1층,월~금 07:00 ~ 21:00,1522-3232,25,13건
이천성모메존칼국수 본점,국수,3.5,서울 구로구 경인로 18,매일 10:00 ~ 21:00,02-2625-4821,44,10건
손오공마라탕 구로디지털단지점,중화요리,3.6,서울 구로구 디지털로32길 87 2층,매일 11:00 ~ 23:00,02-838-7788,61,21건
맥도날드 고척DT점,패스트푸드,2.4,서울 구로구 경인로 393,매일 07:00 ~ 02:00,070-7209-0558,4,16건
춘자싸롱,호프/요리주점,2.9,서울 구로구 디지털로32나길 11,영업시간 매일 15:00 ~ 03:00,02-869-4873,72,16건
맥도날드 구로디지털점,패스트푸드,3.8,서울 구로구 디지털로31길 12 태평양물산 1층,매일 00:00 ~ 24:00,070-7017-0654,12,10건
라마노피자,피자,4.1,서울 구로구 디지털로34길 55 코오롱싸이언스밸리2차 B119-1호,매일 11:00 ~ 22:00 · 브레이크타임 매일 14:30 ~ 16:00,02-866-2828,151,21건
역전할머니맥주 구로디지털단지점,호프/요리주점,3.3,서울 구로구 디지털로32나길 29,영업시간 매일 17:00 ~ 05:00,02-863-9839,61,6건
진참치,참치회,4.4,서울 구로구 공원로6다길 10,매일 14:00 ~ 01:00,02-869-1121,18,5건
바르미샤브샤브 현대백화점 디큐브시티점,찌개/전골,3.2,서울 구로구 경인로 662,매일 11:00 ~ 21:30,02-2210-9570,94,34건
양대포 구로디지털점,곱창/막창,4.0,서울 구로구 디지털로32나길 17-28,,02-856-3966,101,3건
스타벅스 신도림점,커피전문점,3.2,서울 구로구 경인로 610,월~금 07:30 ~ 21:00,1522-3232,8,18건
하이드아웃,커피전문점,3.9,서울 구로구 개봉로20길 30 2층,매일 10:00 ~ 23:00,010-7135-5970,15,12건
역전할머니맥주 신도림점,호프/요리주점,4.8,서울 구로구 경인로67길 23,영업시간 월~금 17:00 ~ 03:00,,37,4건
이태리부대찌개 구로점,찌개/전골,4.1,서울 구로구 디지털로26길 123 지플러스코오롱디지털타워 105/106호,,02-6969-7180,49,12건
1s 카츠곳간,돈까스/우동,3.9,서울 구로구 새말로 85 1층,,02-3281-0777,19,19건
두레한식부페,한식뷔페,3.3,서울 구로구 경인로31길 110,,02-2688-1300,8,6건
니와참치,참치회,3.2,서울 구로구 디지털로32다길 13 1층,매일 11:30 ~ 24:00,02-838-5959,28,17건
다채 개봉점,쌈밥,3.6,서울 구로구 개봉로23길 38 동흥빌딩 1층,매일 11:30 ~ 22:00,02-2685-3392,17,9건
정정아식당 구로디지털단지점,한식,2.0,서울 구로구 디지털로32나길 17-23 1층,월~금 10:00 ~ 01:00,02-839-2929,53,9건
라꾸긴,일본식주점,4.6,서울 구로구 가마산로 268,영업시간 월~토 18:00 ~ 01:00,,71,15건
더족발 본점,족발/보쌈,3.9,서울 구로구 경인로 619-3 푸르지오3차 상가 1층,월~토 11:50 ~ 22:50,02-2636-9288,147,14건
추억굽는꼼이네 신도림점,장어,4.2,서울 구로구 공원로8길 13 1층,영업시간 월~토 15:00 ~ 02:00,02-856-3447,24,9건
육식예찬,갈비,4.7,서울 구로구 디지털로32나길 17-19,영업시간 월~금 16:00 ~ 24:00,02-865-7722,41,9건
신호닭발 신도림본점,닭요리,4.2,서울 구로구 공원로6나길 6 1층,매일 11:10 ~ 03:00,02-866-2169,145,10건
칠공주떡볶이,분식,4.8,서울 구로구 구로동로22길 22,,,26,12건
히어로스터 신도림점,카페,3.4,서울 구로구 경인로63길 21-8 1층,월~금 09:00 ~ 22:00,,60,8건
동남집,한식,3.6,서울 구로구 디지털로26길 111,월~금 11:00 ~ 22:00,02-6124-5688,46,9건
투썸플레이스 구로디지털역깔깔거리점,커피전문점,2.3,서울 구로구 디지털로32길 97-39 2층,월/화/수/목/일 08:00 ~ 01:00,02-855-7791,26,23건
왕뼈해장국 고척점,감자탕,2.5,서울 구로구 중앙로 101,매일 00:00 ~ 24:00,02-2683-0071,19,21건
베나레스 구로디지털점,인도음식,3.1,서울 구로구 디지털로32길 79,매일 11:00 ~ 21:30 · 브레이크타임 매일 15:30 ~ 17:00,02-863-9982,58,16건
빈브라더스 현대백화점디큐브시티점,커피전문점,3.3,서울 구로구 경인로 662 별관 3층,매일 11:00 ~ 22:00,02-2210-9351,84,23건
개봉분식,분식,4.5,서울 구로구 고척로21나길 65,월~금 07:00 ~ 20:00,02-2625-9465,16,11건
스시노칸도,초밥/롤,4.3,서울 구로구 경인로 618 1층 102호,매일 11:30 ~ 22:30,02-2068-3336,11,7건
원조양평신내서울해장국 고척점,해장국,3.6,서울 구로구 목동남로 6 현준프라자 2층,매일 00:00 ~ 24:00,02-2060-9030,15,7건
VIPS DELIVERY 구로점,음식점,0.0,서울 구로구 공원로 34,,,0,0건
백년고기,육류/고기,4.6,서울 구로구 디지털로27길 48 1층,,070-7778-8859,135,10건
동서네낙지 신도림점,해물/생선,4.3,서울 구로구 신도림로 29 신성빌딩 1층,화~일 11:30 ~ 22:00 · 브레이크타임 화~일 16:00 ~ 17:00,02-2633-2868,36,6건
원조전기마늘통닭 대림역본점,치킨,2.1,서울 구로구 도림천로 336,,02-862-9233,10,7건
미켈고깃집 구로점,육류/고기,4.0,서울 구로구 디지털로34길 55 코오롱싸이언스벨리2차 B105/B105-1호,월~금 11:00 ~ 23:00,02-858-9829,123,4건
버거킹 구로점,패스트푸드,3.6,서울 구로구 시흥대로 551,매일 10:00 ~ 24:00,070-7462-8527,7,13건
버거킹 개봉점,패스트푸드,3.6,서울 구로구 개봉로 55,월/화/수/목/일 09:00 ~ 23:00,070-7438-8623,11,10건
김가네곱창구이전문,곱창/막창,4.2,서울 구로구 도림로 93,매일 14:00 ~ 02:00,02-867-0445,22,6건
카페큐브,북카페,3.9,서울 구로구 경인로 662 디큐브시티 15층,매일 09:00 ~ 23:00,02-2211-6603,22,10건
내고향 소머리국밥순대국,국밥,4.4,서울 구로구 공원로6나길 43-15,,02-852-8465,19,14건
버거킹 구로구청점,패스트푸드,3.3,서울 구로구 가마산로 250 1층,매일 09:00 ~ 23:00,02-856-0332,8,12건
대왕곱창구이,곱창/막창,3.3,서울 구로구 새말로16길 29,월~금 13:00 ~ 02:00,02-830-7956,37,12건
헤비스테이크 구로디지털단지점,스테이크/립,3.5,서울 구로구 디지털로26길 110 동일테크노타운 1층 104호,매일 11:00 ~ 21:30,02-3283-3355,70,12건
스타벅스 오류동역점,커피전문점,2.7,서울 구로구 경인로 216 1층,월~금 07:00 ~ 21:00,1522-3232,6,19건
교대이층집 신도림점,육류/고기,2.9,서울 구로구 경인로 661 푸르지오1차상가 2층 242호,월~금 11:00 ~ 23:30 · 브레이크타임 월~금 16:00 ~ 17:00,02-2069-1636,62,12건
김명태 고척본점,해물/생선,3.3,서울 구로구 고척로 238 하이리빙아파트 1층 1호,매일 11:00 ~ 23:00,02-2060-7868,17,3건
홍중샤브샤브 신도림2호점,중식,3.6,서울 구로구 새말로16길 29 2층,매일 11:00 ~ 02:00,02-852-8584,27,18건
광영수산 구로점,해물/생선,4.4,서울 구로구 공원로8길 19,매일 14:00 ~ 01:30,02-855-7960,30,14건
카페몽글,카페,4.8,서울 구로구 공원로6나길 29-17 1층,매일 08:30 ~ 22:00,02-854-4620,17,16건
단골손님 구로디지털점,호프/요리주점,3.0,서울 구로구 디지털로32나길 22 101호,영업시간 매일 17:00 ~ 05:00,,113,3건
남길참치 오류직영점,참치회,3.3,서울 구로구 경인로 240 예성라온팰리스,매일 12:00 ~ 24:00 · 브레이크타임 매일 15:00 ~ 17:00,02-2613-1005,15,13건
광명수산 테크노마트점,해물/생선,1.8,서울 구로구 공원로6다길 8,월~토 14:00 ~ 02:00,02-6348-0260,37,5건
메이로드,디저트카페,3.6,서울 구로구 오류로 37-2 1/2층,월~토 11:30 ~ 21:00,02-2060-7466,37,9건
적소,디저트카페,4.9,서울 구로구 개봉로16가길 10-28 1층,화요일,02-2612-0701,29,7건
행운의집,돈까스/우동,3.9,서울 구로구 경인로33길 72,월~토 11:30 ~ 21:00 · 브레이크타임 매일 15:00 ~ 17:00,02-6401-9991,28,25건
폴바셋 구로지밸리몰점,커피전문점,3.7,서울 구로구 디지털로 300 1층 1호,월~금 08:00 ~ 22:00,02-6344-3788,25,10건
힙스터커피,커피전문점,3.7,서울 구로구 경인로33길 15,월~토 10:30 ~ 19:30,010-9811-9855,22,7건
청담이상 구로디지털점,일본식주점,5.0,서울 구로구 디지털로32나길 34 케이제이빌딩 2층,영업시간 월~금 17:00 ~ 08:00,02-6405-6068,35,3건
그린바스켓 신도림점,스테이크/립,3.3,서울 구로구 경인로67길 23 대우푸르지오2차 2층 201호,매일 11:00 ~ 21:30,02-2633-8633,121,9건
설빙 구로지밸리점,디저트카페,2.6,서울 구로구 디지털로 300 1층 107호,매일 11:00 ~ 23:00,02-6344-3959,17,9건
장터참숯무한리필 개봉점,육류/고기,3.0,서울 구로구 고척로30길 5,,02-2611-8269,10,2건
수뿌레닭갈비 신도림점,닭요리,4.1,서울 구로구 공원로6나길 12,영업시간 월~금 15:00 ~ 01:00,02-6010-8588,17,7건
이름없는가게,카페,4.8,서울 구로구 개봉로1나길 52,화~일 12:00 ~ 18:30,02-2613-9488,11,16건
다케롤&스시,초밥/롤,4.2,서울 구로구 도림천로 446,영업시간 월~금 18:00 ~ 24:00,02-830-1399,6,12건
리춘시장 구로디지털역점,중화요리,2.6,서울 구로구 디지털로32나길 34,영업시간 매일 17:00 ~ 03:00,02-865-0810,57,9건
이화참숯갈비,갈비,3.6,서울 구로구 디지털로32다길 26,영업시간 매일 15:00 ~ 24:00,02-865-1877,55,8건
띵크커피 디큐브시티점,커피전문점,2.0,서울 구로구 경인로 662 디큐브시티 지하1층,매일 07:00 ~ 23:00,02-2210-9074,22,7건
라마다호텔 카페라라,뷔페,4.5,서울 구로구 경인로 624 1층,매일 07:00 ~ 21:00 · 브레이크타임1 매일 10:00 ~ 12:00 · 브레이크타임2 매일 14:30 ~ 18:00,02-2162-2051,20,4건
우방정육식당,육류/고기,3.0,서울 구로구 부일로1길 110,,02-2615-4651,37,9건
김떡비 고척본점,한식,4.1,서울 구로구 경인로47길 107,월~토 11:00 ~ 24:00,02-2683-2807,21,13건
사계진미숯불닭갈비 구로디지털점,닭요리,4.5,서울 구로구 디지털로32나길 29 3층,매일 11:00 ~ 24:00,02-855-7302,47,8건
스타벅스 구로디지털타워점,커피전문점,3.3,서울 구로구 디지털로32길 30,월~금 07:00 ~ 19:00,1522-3232,11,12건
홍주식당,돈까스/우동,4.1,서울 구로구 디지털로26길 110 1층 103호,월~금 11:00 ~ 20:00,,40,15건
한우가,육류/고기,3.6,서울 구로구 공원로 67,매일 11:00 ~ 22:30,02-851-9292,14,7건
개봉칼국수,국수,3.8,서울 구로구 개봉로16길 41,,02-2684-7500,22,12건
이실이네,매운탕/해물탕,3.5,서울 구로구 공원로6나길 29-21,월~토 10:30 ~ 22:30,02-838-0264,14,8건
미식가양꼬치,양꼬치,4.9,서울 구로구 디지털로32길 92 미래타워빌딩 1층,월~토 11:00 ~ 02:00,02-851-5321,25,15건
스시비쇼쿠,초밥/롤,4.1,서울 구로구 디지털로34길 55 코오롱싸이언스밸리2차 1층,월~토 11:30 ~ 21:30 · 브레이크타임 월~토 15:00 ~ 17:30,02-865-1488,43,14건
KFC 구로디지털2점,패스트푸드,2.4,서울 구로구 디지털로 300 지밸리몰 1층,매일 10:00 ~ 23:00,02-6344-3910,10,14건
대작 구로디지털점,일본식주점,2.8,서울 구로구 디지털로32나길 17-26 1층,영업시간 월/화/수/목/일 15:00 ~ 03:00,,84,4건
팔칠닭강정 오류동본점,닭강정,3.7,서울 구로구 서해안로30길 12 1층,매일 12:00 ~ 24:00,02-2060-6692,50,9건
바다쭈꾸미 개봉점,해물/생선,4.2,서울 구로구 개봉로16길 6 1층,매일 11:00 ~ 22:00,02-2619-3388,28,5건
명가민물장어,장어,5.0,서울 구로구 새말로 36 1층,매일 10:30 ~ 22:30,02-867-7080,37,1건
돈우네정육식당,한식,4.2,서울 구로구 오리로 1154-15,매일 11:00 ~ 23:00,02-2685-3800,112,6건
라무진 신도림역점,육류/고기,4.4,서울 구로구 경인로67길 23 푸르지오2차 상가 101동 119호,영업시간 매일 17:00 ~ 24:00,02-2677-4020,44,7건
유일식당,한식,4.4,서울 구로구 디지털로27길 115,,02-858-8695,12,9건
방앗간정육식당,육류/고기,4.1,서울 구로구 경인로67길 67-29,매일 11:10 ~ 22:30,02-2675-9292,11,7건
올램양꼬치,양꼬치,4.2,서울 구로구 신도림동 337 신도림1차푸르지오,영업시간 월~금 15:00 ~ 00:00,02-2672-9797,25,5건
황가네함흥냉면,냉면,3.8,서울 구로구 개봉로 52-1,,02-2689-6990,8,19건
능이네능이버섯백숙 고척점,닭요리,4.0,서울 구로구 중앙로 37 1층,,02-2060-2365,4,10건
고기굽는방앗간 신도림점,삼겹살,4.0,서울 구로구 새말로16길 32 1층,월~금 14:00 ~ 24:00,0507-1321-0949,65,7건
회한접시 본점,회,4.7,서울 구로구 서해안로 2328 1층,,02-2066-1853,18,7건
55년전통일번옥,갈비,4.3,서울 구로구 구로동로 96-2,월~토 11:00 ~ 03:00,02-854-2092,8,4건
말뚝곱창 2호점,곱창/막창,1.1,서울 구로구 디지털로32나길 17-38,매일 14:00 ~ 24:00,02-868-4047,75,10건
삼대족발 천왕역점,족발/보쌈,4.5,서울 구로구 오리로 1158,,02-2688-7255,69,4건
송이족발 구로역점,족발/보쌈,2.0,서울 구로구 새말로 17 SJ빌딩 2층,영업시간 월~토 16:00 ~ 01:00,02-859-9290,65,3건
참조은순대국전문점 구로직영점,국밥,3.9,서울 구로구 구로중앙로 47,매일 00:00 ~ 24:00,02-855-0622,18,11건
오대양참치 구로점,참치회,2.5,서울 구로구 디지털로34길 55 코오롱싸이언스밸리2차 1층 118/119호,월~금 11:30 ~ 23:30 · 브레이크타임 월~금 15:00 ~ 17:00,,84,4건
써브웨이 구로디지털점,샌드위치,1.7,서울 구로구 디지털로34길 55 코오롱싸이언스밸리 2차 109호,매일 08:30 ~ 22:30,02-2088-7279,15,46건
복성루샤부샤부성,샤브샤브,4.9,서울 구로구 디지털로32길 97-27,매일 11:00 ~ 01:00,02-838-0686,27,8건
우리들숯불갈비정육식당,갈비,3.0,서울 구로구 구로동 26,,02-860-8588,11,9건
삿뽀로 디큐브점,일식,2.4,서울 구로구 경인로 662 5층,매일 11:30 ~ 22:00,02-2210-9545,40,15건
스테이플버거,햄버거,4.0,서울 구로구 서해안로26길 17,월~금 12:00 ~ 21:00 · 브레이크타임 화~금 14:30 ~ 17:00,02-2614-0999,45,15건
취화원,중화요리,3.8,서울 구로구 경인로47길 134,,02-2066-4952,19,26건
명가교동짬뽕 구로디지털점,중화요리,3.4,서울 구로구 디지털로31길 53 이엔씨드림타워5차 103호,,02-864-9295,16,7건
호우양꼬치 신도림점,실내포장마차,2.8,서울 구로구 경인로67길 23 2층,영업시간 화~토 15:30 ~ 02:00,02-2632-8883,56,5건
버거킹 구로디지털점,패스트푸드,2.9,서울 구로구 디지털로 288 대륭포스트타워 1층,매일 10:00 ~ 22:00,02-857-0332,23,14건
장어타운,장어,4.0,서울 구로구 남부순환로95길 34 성한빌딩 1층,매일 10:00 ~ 23:00,02-6084-8426,20,5건
로바타잔잔 구로디지털점,일본식주점,3.7,서울 구로구 디지털로34길 55,영업시간 월~금 17:00 ~ 02:00,02-867-0876,38,15건
스타벅스 구로디지털로점,커피전문점,3.0,서울 구로구 디지털로33길 11 에이스테크노타워 8차 1층,월~금 07:00 ~ 20:00,1522-3232,10,7건
속초붉은대게,게/대게,3.7,서울 구로구 경인로 584 신도림팰러티움 1층 106호,매일 11:00 ~ 23:00,02-2633-8919,15,3건
여기가전집,한식,3.4,서울 구로구 디지털로32나길 8,월~금 14:00 ~ 02:00,02-864-4388,36,9건
파티오,이탈리안,4.4,서울 구로구 공원로 83 초원가든 5층,매일 10:30 ~ 23:00,02-857-2820,7,5건
구씨네매운집 본점,호프/요리주점,4.0,서울 구로구 공원로6나길 17-2,영업시간 월~토 16:00 ~ 04:00,070-8761-3412,47,7건
청도양꼬치,양꼬치,3.9,서울 구로구 시흥대로 577 2층,,02-857-6888,30,8건
꿀돼지솥뚜껑삼겹살,육류/고기,5.0,서울 구로구 경인로 193-25,,02-2616-6868,20,8건
라크라센타,카페,4.0,서울 구로구 가마산로 242 희망재단 1층,월~금 08:00 ~ 23:00,02-866-6202,10,1건
투썸플레이스 신도림디큐브시티점,커피전문점,3.1,서울 구로구 경인로 662 현대백화점 2층,매일 09:00 ~ 22:00,02-2210-9233,20,12건
그녀의커피 카페드엘르,커피전문점,4.8,서울 구로구 고척로3길 7,화~일 09:30 ~ 21:00,02-6013-7750,13,4건
병천순대,순대,4.8,서울 구로구 오류로 41-1,월~토 11:00 ~ 21:30,02-2060-1120,24,4건
어사출또 구로디지털점,해물/생선,2.8,서울 구로구 디지털로34길 55 코오롱싸이언스밸리2차 B139호,,02-866-4452,20,6건
신선도,회,3.0,서울 구로구 시흥대로 541,영업시간 월~목 17:30 ~ 24:00,070-8119-8598,25,4건
육풍 구로디지털단지점,육류/고기,4.3,서울 구로구 디지털로32나길 20,영업시간 월~금 15:30 ~ 01:00,02-838-0156,15,18건
백년갈비숯불화로구이,갈비,3.5,서울 구로구 서해안로 2316 1층,,02-2612-2422,15,8건
김사부 본점,육류/고기,3.0,서울 구로구 서해안로 2334 1층,월~금 14:00 ~ 24:00,02-2613-4892,45,7건
제주은희네해장국 신도림점,해장국,4.4,서울 구로구 공원로6나길 44 1층,월~토 08:00 ~ 02:00 · 브레이크타임 매일 15:00 ~ 17:00,02-863-7008,15,8건
홍두깨 손칼국수,국수,5.0,서울 구로구 오류로8길 53,,02-2616-6528,11,9건
등촌샤브칼국수 구로점,샤브샤브,3.8,서울 구로구 구로중앙로 57,화~일 11:00 ~ 22:00,02-857-2000,36,12건
구로안,육류/고기,3.0,서울 구로구 디지털로32나길 27-8 1층,월~금 12:00 ~ 24:00,02-830-1716,50,1건
용범이네인계동껍데기 구로디지털점,육류/고기,3.9,서울 구로구 디지털로34길 55 코오롱싸이언스밸리2차 B107호,매일 11:30 ~ 00:00,02-866-0810,56,8건
영양센타능이버섯백숙,삼계탕,2.6,서울 구로구 디지털로26길 110 동일테크노타운 2차 1층,매일 10:30 ~ 22:00,02-856-9292,29,7건
교촌치킨 구로디지털점,치킨,4.3,서울 구로구 디지털로26길 110,매일 12:00 ~ 24:00,02-856-5542,18,15건
달리마카롱,제과/베이커리,3.9,서울 구로구 경인로 158 상가동 103호,화~일 11:00 ~ 20:00,070-8793-1111,58,7건
한라산도새기 오류점,육류/고기,3.1,서울 구로구 서해안로 2318 1층,매일 11:00 ~ 24:00,02-2687-9768,28,15건
하오탕마라탕,퓨전요리,4.1,서울 구로구 디지털로26길 111 제이앤케이디지털타워 지하 1층 7호,월~금 11:30 ~ 21:30,02-6124-6199,53,15건
교대이층집 구로디지털단지점,육류/고기,2.7,서울 구로구 디지털로32나길 17-6 1층,영업시간 월~금 15:00 ~ 24:00,02-858-8587,42,7건
작업하는 카페에베르,카페,4.9,서울 구로구 경인로3길 77 세건빌딩 2층,월~토 10:00 ~ 22:00,02-2625-3467,8,9건
스타벅스 현대디큐브2F,커피전문점,3.8,서울 구로구 경인로 662,화~목 11:00 ~ 21:00,1522-3232,15,12건
구름산추어탕,추어,5.0,서울 구로구 디지털로31길 38-9 에이스테크노타워1차 107호,매일 10:00 ~ 22:00,02-838-3355,8,4건
입춘,분식,4.2,서울 구로구 디지털로35길 41 1층,월~금 11:30 ~ 19:30 · 브레이크타임 월~금 15:00 ~ 17:00,070-111,94,22건
포차천국 개봉점,호프/요리주점,5.0,서울 구로구 개봉로23가길 30 1층,영업시간 매일 17:00 ~ 05:00,02-2616-1090,3,1건
황비홍마라탕 구로본점,중화요리,2.3,서울 구로구 시흥대로 577-11 B동 1층,매일 00:00 ~ 24:00,02-852-1123,66,9건
대연각,중화요리,3.1,서울 구로구 경서로3길 1,매일 10:30 ~ 20:00,02-2612-0600,14,9건
거북솥삼겹살 체인본점,삼겹살,1.2,서울 구로구 디지털로32길 97-28,매일 00:00 ~ 24:00,02-856-9752,24,5건
옥상맥주,호프/요리주점,4.8,서울 구로구 디지털로32나길 16 춘자빌딩 4층,영업시간 월/화/수/목/일 16:00 ~ 04:00,010-4377-8571,44,4건
향원갈비,갈비,3.5,서울 구로구 개봉로20길 18,매일 11:00 ~ 22:00,02-2066-9292,16,8건
투썸플레이스 구로구청사거리점,커피전문점,5.0,서울 구로구 가마산로 250 광진빌딩,월~금 07:30 ~ 23:30,02-852-3431,5,3건
도원,중화요리,2.0,서울 구로구 디지털로32길 30 코오롱디지탈빌란트 1층 108호,월~금 09:30 ~ 21:00,02-856-8988,20,5건
새로이 신도림점,육류/고기,3.9,서울 구로구 공원로6나길 29-1 1층,영업시간 매일 16:00 ~ 01:00,02-863-1525,52,7건
백백분식,분식,3.0,서울 구로구 경인로33길 110 1층,화~일 09:30 ~ 21:00,,15,21건
돈구디,삼겹살,4.6,서울 구로구 디지털로32가길 25 1층,월~토 11:00 ~ 23:00 · 브레이크타임 매일 15:00 ~ 17:00,02-852-0880,30,17건
북창동순두부 신도림점,한식,3.3,서울 구로구 경인로 661 2층,월~금 11:00 ~ 22:30 · 브레이크타임 월~금 16:00 ~ 17:00,02-3439-7783,69,14건
동대문엽기떡볶이 구로점,떡볶이,4.3,서울 구로구 도림천로 338 2층,매일 10:30 ~ 23:40,02-868-8592,23,6건
마포족발순대국,족발/보쌈,2.4,서울 구로구 경인로 661 신도림1차푸르지오 1층 143호,매일 10:00 ~ 01:00,02-3439-7373,295,8건
개성면옥,냉면,2.1,서울 구로구 가마산로 204,매일 11:00 ~ 21:30,02-869-2760,16,12건
이스트바이게이트 신도림점,태국음식,2.4,서울 구로구 경인로 662 현대백화점디큐브시티 별관 2층,매일 11:00 ~ 22:00,02-2210-9244,87,18건
황제꽃소 오류본점,갈비,5.0,서울 구로구 경인로25길 3 1층,매일 12:00 ~ 02:00,02-2611-4890,12,5건
투썸플레이스 개봉역점,커피전문점,4.5,서울 구로구 남부순환로97길 20-1 1/2층,월~금 10:00 ~ 23:30,02-2618-8133,8,2건
키친브로망스,양식,5.0,서울 구로구 새말로16길 16 지하 1층,,070-7785-7339,27,8건
투썸플레이스 오류역점,커피전문점,2.2,서울 구로구 경인로 199-2 2/3층,매일 08:30 ~ 22:00,02-2611-8848,6,13건
육전생고기,육류/고기,2.8,서울 구로구 개봉로 69,매일 11:30 ~ 23:30,02-2616-6992,37,5건
돈까스클럽 고척점,돈까스/우동,1.8,서울 구로구 경인로43길 21,화~일 11:30 ~ 22:00,02-2615-7100,23,16건
라로쫭,샤브샤브,4.0,서울 구로구 구로동로42길 50 신성스카이뷰 2층,매일 11:00 ~ 23:00,010-7935-8288,18,1건
치즈스마일,피자,5.0,서울 구로구 개봉로3가길 59 1층,,02-2060-8972,0,31건
이조손칼국수,국수,3.9,서울 구로구 공원로7길 22,월~토 11:00 ~ 22:00,02-868-2633,12,11건
두메골닭갈비 신도림점,닭요리,4.4,서울 구로구 공원로6나길 49-2,매일 11:00 ~ 23:00,02-6369-5955,10,11건
품격사시미,일식,1.8,서울 구로구 디지털로32나길 23 1층 2호,영업시간 매일 16:00 ~ 03:00,02-862-7776,167,6건
아웃백스테이크하우스 딜리버리 구로점,패밀리레스토랑,5.0,서울 구로구 공원로 34,매일 11:00 ~ 21:30,1811-3650,2,1건
배떡 구디점,떡볶이,5.0,서울 구로구 디지털로31길 90 삼성래미안 상가동 1층,월~토 11:00 ~ 22:00 · 브레이크타임 월~토 14:30 ~ 15:30,02-855-6233,3,3건
스타벅스 구로NC,커피전문점,4.6,서울 구로구 구로중앙로 152,매일 08:00 ~ 22:00,1522-3232,7,10건
한라산도새기,육류/고기,2.9,서울 구로구 경인로19가길 14-1,영업시간 매일 17:00 ~ 01:00,02-2616-7591,37,7건
스타벅스 구로에이스점,커피전문점,4.0,서울 구로구 디지털로 285 에이스트윈타워1 103호,월~금 07:00 ~ 17:00,1522-3232,8,8건
허수아비돈까스,돈까스/우동,4.1,서울 구로구 신도림로 16 신도림대림아파트 상가 1층 112호,월~금 11:00 ~ 20:00 · 브레이크타임 월~금 15:00 ~ 17:00,02-2677-6946,10,11건
한우마당 늘푸른점,육류/고기,4.0,서울 구로구 디지털로26길 98 디지털탑프라자 2층,,02-830-3233,23,3건
맥도날드 신도림디큐브점,패스트푸드,1.8,서울 구로구 경인로 662 지하2층,매일 07:00 ~ 22:00,070-7017-2423,11,15건
더바른숯불구이,육류/고기,4.3,서울 구로구 부일로 953 1층,매일 11:30 ~ 22:00,02-2611-9295,67,3건
딱좋아종합어시장포장전문점,회,5.0,서울 구로구 경인로11길 2-4 명성드림주상복합 101/ 103/ 104호,매일 12:00 ~ 02:00,02-2612-6585,7,2건
가마솥원조설렁탕,설렁탕,4.4,서울 구로구 고척로40길 33-4,매일 09:30 ~ 22:30,02-2615-5292,5,5건
어울림,한정식,1.9,서울 구로구 공원로 41 지하 1층,매일 11:30 ~ 22:00,02-867-9292,5,7건
낭만부대찌개,찌개/전골,3.5,서울 구로구 디지털로 288 지하 104호,월~금 11:00 ~ 21:00 · 브레이크타임 월~금 15:30 ~ 17:00,02-839-8090,34,17건
곱창역,곱창/막창,3.3,서울 구로구 새말로18길 20-7,,02-843-0759,25,8건
한돈보쌈 본점,족발/보쌈,4.8,서울 구로구 새말로 32 1층,,02-863-2780,22,9건
알파고보드카페,보드카페,2.7,서울 구로구 공원로6나길 12 2층,영업시간 매일 16:00 ~ 04:00,02-6369-1239,5,3건
투썸플레이스 신도림아름제일여성병원점,커피전문점,2.1,서울 구로구 새말로 94 1층,매일 07:30 ~ 22:00,02-866-7377,5,7건
컴포 구로구청점,베트남음식,4.3,서울 구로구 가마산로 286 2층,화~일 11:00 ~ 22:00,02-855-3841,10,11건
경복궁 디큐브점,한정식,2.6,서울 구로구 경인로 662 현대백화점 디큐브시티 6층,매일 11:00 ~ 22:00,02-2634-4433,45,5건
소담촌 구로역점,샤브샤브,4.0,서울 구로구 구로중앙로 134 신구로자이나인스에비뉴 2층,,02-6678-8090,20,4건
송주불냉면 구로1점,냉면,3.7,서울 구로구 구로동로 100 1층,매일 11:00 ~ 20:30,02-867-8354,16,10건
스타벅스 현대디큐브B2,커피전문점,3.1,서울 구로구 경인로 662 지하2층,월~목 07:00 ~ 21:00,1522-3232,14,14건
신사소곱창 신도림점,곱창/막창,4.0,서울 구로구 신도림로 7 금강리빙스텔 107호,월~금 11:30 ~ 24:00,02-3667-1209,11,6건
백년갈비,갈비,5.0,서울 구로구 경인로47길 95-1 정형빌딩 1층,,02-2618-6667,13,4건
무시칸 신도림역점,갈비,3.3,서울 구로구 새말로18길 36 1층,영업시간 월~토 17:00 ~ 23:00,02-855-2507,52,3건
바오밥 신도림점,호프/요리주점,3.0,서울 구로구 경인로 661 푸르지오 2층 246호,매일 14:00 ~ 02:00,02-2634-3666,47,4건
요리비아구찜 본점,아구,4.8,서울 구로구 중앙로 32 1층,,02-2687-1439,2,12건
이차돌 구로디지털역점,육류/고기,5.0,서울 구로구 디지털로32길 79 조영빌딩 1층,매일 11:00 ~ 01:00,02-859-5559,47,1건
석구네마포주먹고기,육류/고기,4.2,서울 구로구 경인로63길 21-10,영업시간 월~토 16:00 ~ 23:00,02-2632-9092,15,5건
소문난떡볶이순대,분식,3.5,서울 구로구 서해안로30길 13 1층,매일 11:00 ~ 22:00,,7,4건
노랑통닭 구로디지털역점,치킨,4.7,서울 구로구 디지털로32나길 17-22,영업시간 매일 15:00 ~ 01:00,02-867-1118,50,27건
우월소곱창,곱창/막창,3.8,서울 구로구 경인로 631 1층,영업시간 월/화/수/목/일 16:00 ~ 23:00,02-3667-2322,107,5건
푸짐한닭한마리,닭요리,5.0,서울 구로구 디지털로32나길 19,,02-852-5581,25,5건
설빙 구로고척점,디저트카페,1.7,서울 구로구 경서로 81 리케이빌딩 1층,매일 11:00 ~ 22:00,070-4177-0120,8,10건
호우양꼬치 구로디지털점,양꼬치,3.0,서울 구로구 디지털로32나길 17-6 2층,영업시간 매일 15:00 ~ 02:00,02-867-5858,28,6건
먹깨비김밥 구로점,분식,2.3,서울 구로구 디지털로32길 87,매일 00:00 ~ 24:00,02-856-2777,22,12건
애슐리퀸즈 NC신구로점,패밀리레스토랑,2.4,서울 구로구 구로중앙로 152 NC신구로점 TWO관 7층,매일 11:00 ~ 21:00,02-6923-2472,35,15건
아씨펍,호프/요리주점,3.5,서울 구로구 새말로 102 신도림포스빌 1층 147호,영업시간 월/화/수/목/일 17:00 ~ 02:00,,23,13건
엉베흐,와인바,5.0,서울 구로구 공원로8길 25 지하1층,영업시간 월/화/수/목/일 17:00 ~ 01:00,010-5800-9141,11,7건
개봉동장어,장어,3.7,서울 구로구 개봉로15길 13,매일 11:00 ~ 21:40,02-2688-9534,13,3건
생고기제작소 구로디지털단지역점,육류/고기,1.9,서울 구로구 디지털로34길 55,매일 11:00 ~ 24:00,02-839-1510,24,10건
스시쿠야,초밥/롤,4.0,서울 구로구 서해안로 2330 1층,월~토 11:00 ~ 24:00 · 브레이크타임 월~금 15:00 ~ 17:00,02-2612-3330,3,9건
신승반점 구로지밸리몰점,중식,2.8,서울 구로구 디지털로 300 지밸리비즈플라자 지하1층 107호,월~금 11:00 ~ 21:00 · 브레이크타임 월~토 15:00 ~ 17:00,02-6344-3912,22,11건
최고당돈가스 고척돔점,돈까스/우동,3.3,서울 구로구 경인로47길 44-1 1층,,02-2685-0707,13,4건
청해진수산,회,4.0,서울 구로구 새말로 36,매일 12:00 ~ 24:00,02-861-7333,6,3건
마라나타,카페,3.1,서울 구로구 부일로 969,월~토 09:00 ~ 22:00,,15,10건
해초랑,한정식,2.6,서울 구로구 디지털로 288 대륭포스트타워1차 지하121/122호,월~금 11:30 ~ 21:00,02-868-4997,3,5건
롯데리아 신도림역점,패스트푸드,2.8,서울 구로구 경인로 661 신도림푸르지오1차 105호,매일 08:00 ~ 01:00,02-3439-8100,2,8건
명품청기와감자탕 개봉점,감자탕,4.5,서울 구로구 고척로 130 1층,매일 00:00 ~ 24:00,02-2618-5006,11,8건
손준초밥,초밥/롤,4.6,서울 구로구 디지털로32다길 23,화~일 14:00 ~ 02:00,02-852-2425,8,19건
숙성의미껍데기 신도림점,육류/고기,3.5,서울 구로구 새말로16길 20 1~2층,,02-855-2480,22,4건
우리옛날통닭,치킨,2.5,서울 구로구 오류로8길 107,,02-2060-9282,11,6건
량,중화요리,4.9,서울 구로구 디지털로 271 벽산디지털밸리3차 지하2층 B202호,,02-863-3277,30,7건
광산고기,육류/고기,5.0,서울 구로구 공원로8길 53 1층,영업시간 월~금 15:00 ~ 23:00,010-3591-3106,45,9건
춘천골,닭요리,2.6,서울 구로구 오류로8길 41,매일 11:30 ~ 23:10,02-2625-1938,21,11건
장어명가,장어,2.5,서울 구로구 중앙로 102 1층,매일 11:00 ~ 23:00,02-2060-7730,29,6건
신선설농탕 고척점,설렁탕,2.7,서울 구로구 고척동 72-1,화~일 00:00 ~ 24:00,02-2615-8080,14,6건
스타벅스 구로고척점,커피전문점,4.5,서울 구로구 경인로 387,매일 08:00 ~ 21:00,1522-3232,3,8건
조선화로집 구로디지털점,육류/고기,4.2,서울 구로구 디지털로31길 41 1층,매일 11:00 ~ 22:30 · 브레이크타임 매일 15:00 ~ 17:00,02-859-0092,16,5건
부뚜막청국장,찌개/전골,4.5,서울 구로구 개봉로 56,,02-2683-7997,7,8건
홍콩반점0410 구로디지털단지역점,중화요리,2.0,서울 구로구 디지털로32길 97-6 2층,월~금 10:30 ~ 21:00,02-863-3200,47,24건
토라,육류/고기,4.3,서울 구로구 도림천로 448 예성유토피아 201동 101호,,02-866-7982,21,3건
종가대박집 가리봉점,육류/고기,3.0,서울 구로구 남부순환로 1287,매일 00:00 ~ 24:00,02-855-0892,6,4건
카페영,카페,4.7,서울 구로구 고척로 127 2층,매일 10:30 ~ 23:00,02-2060-9084,11,6건
해남식당 구로디지털단지점,한식,3.1,서울 구로구 디지털로 300 지밸리비즈플라자 2층 207호,매일 11:00 ~ 22:00,02-6344-3949,94,8건
린초밥,초밥/롤,4.5,서울 구로구 디지털로32나길 17-45 2층,매일 11:00 ~ 23:00,02-852-5953,22,12건
고향마차,실내포장마차,4.2,서울 구로구 새말로4길 24,영업시간 매일 16:00 ~ 24:00,02-867-6442,9,6건
할리스 구로역점,커피전문점,4.4,서울 구로구 새말로 18-29 지하 1층~3층,매일 08:00 ~ 22:00,02-862-3216,6,8건
금수원,중화요리,1.4,서울 구로구 가마산로 279 1층,매일 00:00 ~ 24:00,02-843-8223,11,7건
홍춘천치즈닭갈비 고척점,닭요리,4.0,서울 구로구 경인로47길 31,영업시간 매일 16:00 ~ 24:00,02-2611-8958,1,2건
동대문엽기떡볶이 구로디지털단지역점,떡볶이,4.0,서울 구로구 시흥대로 563 2층,매일 11:00 ~ 00:30,02-852-8592,21,9건
콧수염포차,실내포장마차,3.7,서울 구로구 디지털로32나길 34 3층,영업시간 매일 15:00 ~ 05:00,0507-1300-9405,54,7건
도미노피자 개봉점,피자,4.8,서울 구로구 중앙로8길 11 고척월드메르디앙 상가 104호,매일 11:30 ~ 21:30,02-2611-3496,10,4건
맷돌손두부,두부전문점,4.7,서울 구로구 경인로 19,,02-2689-2031,4,6건
공간장어,한정식,3.8,서울 구로구 새말로18길 52,월~토 11:00 ~ 23:00,02-852-0202,34,8건
명륜진사갈비 구로점,갈비,1.0,서울 구로구 디지털로35길 37,,02-851-0232,8,40건
조선화로집 오류천왕역점,갈비,2.9,서울 구로구 오류로 20,매일 11:30 ~ 22:30,02-2617-9388,14,10건
이삭토스트 구로디지털단지점,토스트,3.8,서울 구로구 시흥대로163길 33 주호타워 104호,월~금 09:00 ~ 21:00,02-853-2003,8,9건
상하이몽,중화요리,4.6,서울 구로구 공원로 41 1층,,02-867-2299,9,9건
풍년숯불갈비,갈비,0.0,서울 구로구 구로중앙로 51,매일 10:00 ~ 22:30,02-869-5318,18,0건
청솔 칼국수,국수,4.0,서울 구로구 경인로 193-31,월~토 11:00 ~ 20:30 · 브레이크타임 월~토 15:50 ~ 17:00,02-2682-6118,17,6건
천년족발 구로디지털단지점,족발/보쌈,3.6,서울 구로구 시흥대로163길 33 주호타워 1층 105호,매일 11:30 ~ 24:00,02-853-1216,14,5건
소부리순대국,순대,3.0,서울 구로구 중앙로 9 2층,,02-2060-2280,4,13건
곱창고 신도림역점,곱창/막창,4.7,서울 구로구 새말로 102 신도림포스빌 123/124호,영업시간 매일 15:00 ~ 02:00,02-865-9048,15,6건
소담,삼계탕,5.0,서울 구로구 디지털로33길 28 지하1층,,02-2682-8382,17,4건
군산아구찜해물탕,아구,2.0,서울 구로구 디지털로32길 97-15,매일 00:00 ~ 24:00,02-863-0342,12,7건
일품각양꼬치훠궈 돔야구장점,양꼬치,4.5,서울 구로구 중앙로 32,,02-6368-9090,15,4건
고앤고 구로디지털점,육류/고기,4.8,서울 구로구 디지털로32가길 13 1층,영업시간 매일 17:00 ~ 01:00,02-857-8492,54,5건
라운드원,제과/베이커리,4.6,서울 구로구 공원로6가길 49 1층,,,31,7건
투썸플레이스 동양미래대점,커피전문점,5.0,서울 구로구 경인로47길 34-1 1층,,02-2615-7557,3,5건
맥도날드 신도림테크노점,패스트푸드,1.8,서울 구로구 새말로 97 1층,매일 08:00 ~ 22:00,02-2111-1377,6,12건
티엠 웨딩시티,뷔페,5.0,서울 구로구 새말로 97,,,0,2건
호우양꼬치 구로점,양꼬치,3.3,서울 구로구 공원로6나길 43-2 1층,영업시간 매일 15:00 ~ 01:00,02-830-7717,10,3건
철판집,철판요리,3.0,서울 구로구 경인로20가길 68 행복주택아파트 상가 115호,영업시간 매일 17:00 ~ 03:00,,14,2건
서울회마차,회,2.3,서울 구로구 고척로 231 1층,,02-2686-7730,11,3건
핑거존 브런치카페,카페,5.0,서울 구로구 천왕로2길 31,매일 09:00 ~ 02:00,02-6752-0114,7,2건
스시정,초밥/롤,4.1,서울 구로구 경인로 556 성신빌딩,매일 11:10 ~ 22:00,02-2633-1118,12,7건
뽕족 구로디지털점,족발/보쌈,4.0,서울 구로구 디지털로33길 12 우림이비지센타2차 104호,매일 10:00 ~ 24:00,02-890-7978,22,3건
나살던고향,실내포장마차,3.0,서울 구로구 디지털로32나길 12,월~금 11:00 ~ 03:00,02-869-9295,18,2건
교촌치킨 신도림1호점,치킨,1.5,서울 구로구 경인로59길 7 신도림6차대림아파트 상가 902동 111호,매일 12:00 ~ 24:00,02-2675-9288,4,8건
매니아곱창구이,곱창/막창,5.0,서울 구로구 도림로 97,영업시간 매일 15:00 ~ 01:00,02-859-5315,6,2건
안동축산정육식당,육류/고기,4.0,서울 구로구 경인로67길 67-37,,02-2636-5565,5,4건
도야미리숯불갈비,갈비,5.0,서울 구로구 신도림로 67,,02-2635-6877,15,2건
배스킨라빈스 구로디지털단지역점,아이스크림,2.8,서울 구로구 시흥대로 577-11,매일 10:00 ~ 24:00,02-866-7791,14,13건
김돈이,육류/고기,5.0,서울 구로구 디지털로32다길 15 1층 102호,영업시간 매일 16:30 ~ 01:00,02-863-7898,34,5건
은행나무칼국수,국수,3.7,서울 구로구 디지털로27가길 3-3,매일 11:00 ~ 23:00,02-854-8583,16,3건
남경,중화요리,3.3,서울 구로구 새말로18길 28,월~금 11:00 ~ 22:30,,9,4건
미방 신도림점,한식,5.0,서울 구로구 경인로 669-1,영업시간 매일 17:00 ~ 24:00,02-2634-0123,71,2건
메가커피 신도림역점,커피전문점,3.2,서울 구로구 경인로 661 신도림1차푸르지오상가 1층 133호,월~금 07:30 ~ 22:30,,7,5건
보은하다,카페,4.5,서울 구로구 경인로67길 23 신도림2차푸르지오 상가동 101-127호,매일 11:00 ~ 23:00,,7,8건
써브웨이 동양미래대점,샌드위치,2.9,서울 구로구 경인로 445-8 동양미래대 8호관,매일 08:00 ~ 23:00,02-2686-6890,4,8건
명륜진사갈비 서울개봉점,갈비,3.1,서울 구로구 개봉로 27,매일 12:00 ~ 23:00,02-2685-6601,24,11건
맘스터치 구로디지털단지역점,패스트푸드,1.5,서울 구로구 시흥대로 577 1층 7호,매일 10:00 ~ 01:00,02-853-8864,21,40건
헬로방방 신도림점,키즈카페,3.7,서울 구로구 경인로59길 8 태영프라자 713호,매일 10:00 ~ 20:00,02-2677-0045,4,6건
진자루,퓨전중식,4.8,서울 구로구 구로동로 226,,02-866-9737,5,5건
천사곱창 신도림역점,곱창/막창,2.7,서울 구로구 경인로67길 23 푸르지오상가2차 125호,,02-2632-8080,33,3건
우촌가마솥설렁탕,설렁탕,5.0,서울 구로구 구로중앙로 55 1층,매일 00:00 ~ 24:00,02-838-1776,10,3건
싱싱회센타,회,5.0,서울 구로구 경인로35길 113 1층,,02-2687-8883,4,3건
투썸플레이스 구로디지털점,커피전문점,2.0,서울 구로구 디지털로 306 대륭포스트타워 2차 107호,월~금 07:50 ~ 22:00,02-2082-0350,6,1건
일품마라탕 오류동점,중화요리,4.0,서울 구로구 경인로 208,매일 11:00 ~ 24:00,02-2135-9267,13,14건
신도림왕코등갈비,갈비,4.3,서울 구로구 공원로6나길 11-1,영업시간 매일 16:30 ~ 01:00,070-7782-6869,17,10건
전티마이 베트남쌀국수 구로점,베트남음식,4.7,서울 구로구 공원로 27,매일 14:00 ~ 17:00,,11,11건
한옥집김치찜 구로식객촌점,한식,2.0,서울 구로구 디지털로 300 지밸리비즈플라자 지하1층 108호,매일 11:00 ~ 21:30,02-6344-3952,33,7건
족발마을김족장 서울본점,족발/보쌈,3.0,서울 구로구 구로중앙로28길 16 1층,영업시간 매일 15:00 ~ 02:00,02-851-8292,2,2건
던킨도너츠 구로태평양물산점,도넛,3.1,서울 구로구 디지털로31길 12 102동 1호,월~금 08:00 ~ 20:00,02-858-3106,2,17건
마포집,곱창/막창,3.8,서울 구로구 공원로6나길 43-1,영업시간 매일 16:00 ~ 01:00,02-864-8723,12,9건
마프라오,커피전문점,4.7,서울 구로구 서해안로 2211,매일 10:00 ~ 21:00,070-4102-5701,6,3건
사생활,양식,3.3,서울 구로구 오류로8길 22 2층,매일 10:30 ~ 01:00,02-6952-8016,4,6건
오매네생면칼국수,국수,4.9,서울 구로구 공원로6나길 29-20,월~토 11:00 ~ 21:00 · 브레이크타임 월~토 15:00 ~ 17:00,02-861-4134,15,10건
카페동네 궁동점,카페,4.7,서울 구로구 오리로 1303 1층,매일 10:00 ~ 22:00,02-2684-2015,18,6건
샤브향 구로점,동남아음식,3.9,서울 구로구 중앙로 13,매일 11:10 ~ 21:40,02-2686-1011,16,9건
소담소담,퓨전일식,4.9,서울 구로구 경인로 208 2층,월~토 11:30 ~ 22:00 · 브레이크타임 월~토 15:00 ~ 17:00,,11,13건
남원가마솥추어탕,추어,4.8,서울 구로구 새말로 81,매일 10:00 ~ 22:00,02-868-8836,6,5건
바다어시장,회,5.0,서울 구로구 경인로35길 67,월~토 14:00 ~ 02:00,02-6368-6092,6,3건
훔친장어 구로본점,장어,4.0,서울 구로구 새말로18길 28-5 지하 1층/ 1층,매일 11:00 ~ 23:00,02-861-0592,8,3건
밀앤비스트로,이탈리안,4.2,서울 구로구 도림로12길 20,매일 11:30 ~ 22:00 · 브레이크타임 매일 15:00 ~ 17:00,,18,11건
강촌식당 구로디지털점,닭요리,5.0,서울 구로구 디지털로33길 12,월~토 11:00 ~ 23:00,02-858-0088,22,2건
푸얼문7542,카페,2.5,서울 구로구 새말로 102 신도림포스빌 별동 201호,매일 11:00 ~ 23:00,02-860-8333,35,2건
카페민트,카페,5.0,서울 구로구 경인로 572 스타팰리스 1층 107호,월~금 07:30 ~ 22:30,070-8811-5079,14,1건
스시쿠야 개봉점,초밥/롤,3.3,서울 구로구 경인로 330 1층,,02-2615-3330,8,3건
생고기제작소 구로점,육류/고기,3.8,서울 구로구 공원로 40,,02-859-9292,15,11건
태경소곱창,곱창/막창,5.0,서울 구로구 새말로 102 포스빌 지하 1층,영업시간 매일 16:00 ~ 24:00,02-860-8609,20,13건
영진네 바지락손칼국수,국수,4.8,서울 구로구 구로중앙로34길 33-46,매일 11:00 ~ 21:00,02-862-3199,13,8건
도미노피자 천왕점,피자,1.6,서울 구로구 오리로 1160,매일 11:30 ~ 21:30,02-2060-3272,6,11건
화통집 신도림점,육류/고기,2.6,서울 구로구 공원로6나길 35-16,매일 11:00 ~ 02:00,02-864-8802,11,5건
생어거스틴 구로G벨리몰점,동남아음식,2.4,서울 구로구 디지털로 300 지벨리 2층,매일 11:30 ~ 22:00 · 브레이크타임 월~금 15:00 ~ 17:00,02-6344-3911,47,12건
커피빈 구로지밸리몰점,커피전문점,4.7,서울 구로구 디지털로 300 지밸리비즈플라자 2층,월~금 07:00 ~ 22:00,02-6344-3966,4,3건
백채김치찌개 신도림점,찌개/전골,2.6,서울 구로구 경인로 661 신도림1차푸르지오 1층 131호,매일 11:00 ~ 23:30 · 브레이크타임 매일 15:00 ~ 17:00,02-2671-8166,22,11건
이찌방,초밥/롤,4.5,서울 구로구 공원로6다길 20 2층,,070-8836-4247,12,4건
두만강 양꼬치샤브샤브 개봉점,양꼬치,4.4,서울 구로구 개봉로 128 1층,,02-2689-6888,10,8건
고척짬뽕,중화요리,3.4,서울 구로구 중앙로14가길 46 1층,화~일 11:20 ~ 20:30 · 브레이크타임 화~금 15:30 ~ 17:00,02-2688-8522,8,12건
도미라마라탕,중화요리,4.4,서울 구로구 디지털로26길 111 1층,매일 11:00 ~ 22:00,0507-1352-1986,76,7건
등나무집,사철탕/영양탕,3.0,서울 구로구 도림천로 380,,02-838-8218,0,2건
이비가짬뽕,중화요리,2.8,서울 구로구 디지털로33길 12 102호,매일 11:00 ~ 21:00,02-868-0828,2,4건
형제특수부위,육류/고기,4.9,서울 구로구 디지털로32나길 17-12 1층 101호,매일 11:30 ~ 23:30 · 브레이크타임 매일 15:00 ~ 16:30,02-830-8995,28,7건
무시칸 구로역점,갈비,4.7,서울 구로구 새말로 18-49,영업시간 매일 17:00 ~ 23:00,02-838-0072,20,3건
으뜸명가 구로본점,육류/고기,3.6,서울 구로구 디지털로32가길 25 티타운빌딩 1층 102-4호,,02-866-8901,7,7건
금다원,중화요리,4.2,서울 구로구 경서로 55,매일 10:40 ~ 21:00,0504-111-0643,3,9건
오사장네쪽갈비,갈비,3.0,서울 구로구 공원로6나길 35-1,영업시간 매일 16:00 ~ 24:00,02-838-0909,16,4건
스시하루,일본식주점,3.7,서울 구로구 디지털로26길 98 디지털프라자 2층 202호,매일 11:30 ~ 22:30 · 브레이크타임 매일 15:00 ~ 17:00,02-856-7701,38,12건
종로곱창막창닭갈비,닭요리,3.3,서울 구로구 남부순환로97길 20-10 1층,,,28,8건
놀숲 고척점,만화카페,5.0,서울 구로구 경인로47길 113 2층,매일 11:00 ~ 24:00,070-4138-0221,3,1건
메가커피 오류남부점,커피전문점,4.5,서울 구로구 오류로8길 20,,02-2688-4792,2,4건
어사출또 신도림점,회,2.0,서울 구로구 새말로 110,,02-860-8255,7,5건
카페126,카페,5.0,서울 구로구 고척로30길 6,월/화/목/금/토/일 10:00 ~ 24:00,010-3267-9499,4,2건
광명대창집 신도림점,곱창/막창,5.0,서울 구로구 공원로6나길 26 1층 101호,,,74,2건
광희네칼국수,국수,3.9,서울 구로구 구로동로26길 16,,,21,7건
탐앤탐스 신도림점,커피전문점,3.0,서울 구로구 경인로 661 신도림1차 푸르지오1층,매일 08:00 ~ 01:00,02-3439-7887,1,2건
순이네황소곱창구이,곱창/막창,5.0,서울 구로구 디지털로32길 97-22,,02-839-0539,14,1건
정이가네아구 개봉점,아구,3.0,서울 구로구 개봉로3길 69,매일 11:00 ~ 22:00,02-2685-5959,4,4건
스타벅스 드림마크원점,커피전문점,4.7,서울 구로구 디지털로31길 61 드림마크원데이터센터 1층,월~금 07:00 ~ 17:00,1522-3232,1,3건
뉴욕야시장 신도림점,호프/요리주점,3.0,서울 구로구 공원로6나길 36 1층,영업시간 매일 16:00 ~ 04:00,02-856-7001,11,2건
신들린술집 구로디지털점,호프/요리주점,2.3,서울 구로구 디지털로32나길 29 1층,영업시간 매일 16:00 ~ 07:00,02-835-4472,28,6건
RUE407,카페,2.6,서울 구로구 공원로8길 37,,02-853-3737,4,5건
두리하나다울카페,카페,5.0,서울 구로구 개봉로23길 10,월~금 09:00 ~ 21:00,02-2681-1399,2,1건
비밀시그니쳐 디큐브시티점,이탈리안,2.9,서울 구로구 경인로 662 6층 식당가,매일 11:00 ~ 22:00,02-2210-9644,46,14건
미스사이공 신도림점,베트남음식,4.0,서울 구로구 경인로 661 신도림푸르지오1차 상가동 176-1/ 177호,매일 11:00 ~ 21:00,02-2636-0420,16,7건
우장창창 고척점,곱창/막창,4.7,서울 구로구 중앙로6길 43,,02-2632-0979,16,7건
헬로베트남쌀국수 구로디지털단지점,동남아음식,1.7,서울 구로구 디지털로32가길 1 윤경빌딩 1층,매일 10:00 ~ 22:00,02-853-5004,13,7건
롯데시티호텔 구로 씨카페,뷔페,5.0,서울 구로구 디지털로 300 3층,매일 06:30 ~ 22:00 · 브레이크타임1 매일 10:00 ~ 12:00 · 브레이크타임2 매일 14:30 ~ 18:00,02-6210-1090,18,1건
제면청년,국수,4.8,서울 구로구 경인로40길 47 개봉역사 3층 6호,매일 11:00 ~ 21:00,02-3666-9797,34,8건
스시윤,초밥/롤,4.6,서울 구로구 고척로 121,화요일,02-6221-2878,2,7건
원정숯불닭바베큐 본점,닭요리,3.5,서울 구로구 경인로 196,매일 09:00 ~ 24:00,02-2613-4925,4,4건
코젤다크하우스 신도림점,호프/요리주점,4.5,서울 구로구 경인로 661 신도림푸르지오1차 1층 164호,영업시간 매일 16:00 ~ 02:00,02-423-0910,19,2건
새벽집,한식,2.3,서울 구로구 경인로 661,,02-2633-0202,7,3건
동대문엽기떡볶이 개봉점,떡볶이,2.8,서울 구로구 개봉로20길 54 1/2층,매일 11:00 ~ 23:30,02-2686-8592,15,8건
남도식당,한정식,4.5,서울 구로구 신도림로 7,매일 11:00 ~ 22:00,02-823-5842,8,2건
중국성,중화요리,2.6,서울 구로구 서해안로26길 12 1층,,02-2685-6444,4,5건
상하이포차,호프/요리주점,3.3,서울 구로구 새말로 102,영업시간 월~토 16:00 ~ 02:00,02-860-5698,18,7건
개성손만두요리전문점 개봉점,한식,5.0,서울 구로구 고척로30길 6 1층,,02-2615-0949,5,1건
굽네치킨 구로5동점,치킨,2.3,서울 구로구 구로중앙로28길 31 성화빌딩 1층,매일 12:00 ~ 23:30,02-858-9294,6,3건
진스시,초밥/롤,0.0,서울 구로구 경인로47길 58 102호,월~토 11:30 ~ 22:00,02-2611-9633,10,0건
이스탄불케밥 구로3호점,터키음식,5.0,서울 구로구 구로동 797-66,,,3,8건
낭만해물,해물/생선,5.0,서울 구로구 가마산로 229,매일 10:00 ~ 24:00,02-864-1089,27,1건
설빙 오류동역점,디저트카페,2.1,서울 구로구 경인로20길 10 2층,매일 11:00 ~ 22:00,02-3666-0397,7,7건
피맥 3호점,호프/요리주점,4.0,서울 구로구 공원로6다길 10 지하 1층,영업시간 월~토 17:00 ~ 04:00,02-851-1001,16,2건
본죽&비빔밥cafe 구로디지털역점,퓨전한식,4.2,서울 구로구 시흥대로 557,매일 09:30 ~ 22:00,02-855-6282,2,6건
벳비엣,베트남음식,4.6,서울 구로구 새말로16길 23 1층,화요일,02-868-7784,18,30건
좀비곱창,곱창/막창,4.4,서울 구로구 개봉로23가길 76,영업시간 월~토 17:00 ~ 24:00,02-2060-6969,21,8건
신도림김밥,분식,4.2,서울 구로구 경인로67길 23,매일 00:00 ~ 24:00,02-3667-7544,8,15건
60계 구로디지털단지점,치킨,3.7,서울 구로구 디지털로32나길 4 1층,영업시간 매일 17:00 ~ 01:00,02-865-0044,23,3건
약초마을,오리,3.8,서울 구로구 부일로 873 2층,,02-2617-3939,1,5건
시골집,사철탕/영양탕,5.0,서울 구로구 구로중앙로 19,,02-864-7278,0,4건
구영회참치&초밥 구로본점,초밥/롤,3.2,서울 구로구 가마산로 229 성보빌딩 1층,월~금 14:00 ~ 16:30,02-853-1580,11,6건
전주맛집,한식,4.0,서울 구로구 경인로47길 82-1,,02-2618-8047,4,10건
수상한포차 고척근린공원점,실내포장마차,0.0,서울 구로구 중앙로 101,,02-2611-1477,0,0건
메가커피 구로디지털단지역점,커피전문점,5.0,서울 구로구 디지털로31길 41 110호,월~금 07:00 ~ 21:00,,6,1건
이가참치,참치회,2.9,서울 구로구 경인로67길 23,매일 11:00 ~ 01:00,02-2631-5050,1,7건
파리바게뜨 구로제일점,제과/베이커리,3.6,서울 구로구 시흥대로 569 1/2층,,02-858-8225,5,5건
골목길,육류/고기,3.0,서울 구로구 디지털로32나길 17-19,매일 11:00 ~ 23:00,02-859-9294,31,2건
백년불고기 개봉점,육류/고기,5.0,서울 구로구 개봉로11길 13 1층,,02-2060-8288,17,3건
종로계림닭도리탕원조 구로디지털단지점,닭요리,5.0,서울 구로구 디지털로34길 43 1층 103호,월~토 11:00 ~ 22:00,02-868-1965,63,6건
카페우물,카페,4.9,서울 구로구 공원로6나길 5-6 1층,월~목 07:30 ~ 22:00,02-830-5238,11,12건
본가설렁탕 구로점,설렁탕,1.0,서울 구로구 디지털로32길 97-39,매일 00:00 ~ 24:00,02-865-1255,25,1건
이자카야나무 구로디지털단지점,일본식주점,4.2,서울 구로구 디지털로32나길 38 서림빌딩 2층,매일 11:00 ~ 22:00,02-856-6787,8,5건
진미명가,한식,3.8,서울 구로구 구로중앙로19나길 8,,,6,4건
에머이 구로점,베트남음식,3.6,서울 구로구 디지털로31길 12 태평양물산IT빌딩 1층 107호,매일 11:00 ~ 22:00,02-852-0788,13,11건
구두레돌솥쌈밥,쌈밥,3.7,서울 구로구 중앙로 9 3층,,02-2060-2259,11,6건
보쌈제복 구로디지털점,족발/보쌈,3.8,서울 구로구 디지털로 306 대륭포스트타워2차 1층 101-2호,매일 11:00 ~ 23:00,02-856-8253,55,4건
연안식당 고척점,해물/생선,3.5,서울 구로구 목동남로 6 현준프라자 1층,매일 11:00 ~ 22:00,02-2682-6092,40,4건
바다회사랑,회,5.0,서울 구로구 디지털로31길 81,,02-856-3359,3,3건
서울안심축산,육류/고기,2.0,서울 구로구 새말로 89,,02-830-4661,3,4건
크리스피크림도넛 개봉역점,도넛,5.0,서울 구로구 경인로40길 47 2층,매일 07:00 ~ 23:00,02-2619-2617,2,1건
푸라닭치킨 개봉1호점,치킨,3.8,서울 구로구 경인로31길 68,매일 14:00 ~ 02:00,02-2611-1519,13,6건
도림식당,한식,5.0,서울 구로구 공원로8길 45 1층,영업시간 월~금 15:30 ~ 24:00,02-865-0901,37,3건
한솥도시락 구로호텔점,도시락,2.1,서울 구로구 디지털로32가길 16 파트너스타워 2차 102호,매일 07:30 ~ 21:30,02-2028-3337,4,12건
정식당,육류/고기,4.3,서울 구로구 디지털로26길 123 코오롱지플러스타워 1층 101/102호,매일 11:30 ~ 23:00 · 브레이크타임 매일 15:00 ~ 17:00,02-6969-7878,67,4건
마초짬뽕,중화요리,4.1,서울 구로구 가마산로25길 8,매일 11:00 ~ 20:00,02-862-1036,14,12건
반포식스 구로점,동남아음식,2.4,서울 구로구 디지털로31길 20 에이스테크노타워 5차 1층 101~102호,매일 11:00 ~ 22:00,02-2109-0200,24,12건
샐러디 구로디지털단지점,샐러드,3.5,서울 구로구 디지털로 306 대륭포스트타워2차 1층,월~금 08:00 ~ 21:00,02-839-9553,26,13건
뚜레쥬르 구로디지털직영점,제과/베이커리,4.9,서울 구로구 디지털로32길 79 1층,,02-853-9215,13,8건
본죽 신도림역포스빌점,죽,5.0,서울 구로구 새말로 102 신도림포스빌 1층 134호,매일 09:30 ~ 21:30,02-860-8686,4,1건
롤링핀 신도림점,제과/베이커리,3.3,서울 구로구 경인로 661 111호,매일 08:00 ~ 23:00,02-2677-6327,39,9건
남원골추어탕,추어,4.2,서울 구로구 개봉로23가길 10,매일 10:30 ~ 21:00,02-2060-5292,3,5건
걸작떡볶이치킨 서울구로디지털점,분식,2.5,서울 구로구 디지털로31길 12 태평양물산별관 1층 108호,매일 11:30 ~ 23:00,02-866-2821,31,6건
새마을정육점식당,육류/고기,3.6,서울 구로구 경인로 612,,02-2677-2020,2,5건
스시하랑,초밥/롤,4.9,서울 구로구 디지털로31길 81 1층,월~토 11:30 ~ 21:30 · 브레이크타임 월~토 15:00 ~ 16:00,02-867-7491,14,14건
타오,중화요리,1.9,서울 구로구 디지털로 288 대륭포스트타워1차 지하 1층,매일 10:00 ~ 22:00,02-2082-2888,13,9건
통큰갈비 고척점,갈비,5.0,서울 구로구 경인로47길 22,,02-2685-9285,7,1건
이디야커피 고척사거리점,커피전문점,5.0,서울 구로구 고척로 228-6,,02-2060-7843,2,1건
사랑방손칼국수보쌈,국수,5.0,서울 구로구 경인로38길 12,,02-3666-6632,6,4건
맘스터치 구로신도림점,패스트푸드,3.4,서울 구로구 경인로59길 8 태영프라자 2층 207호,,02-2068-8563,8,8건
땅스부대찌개 구로시장,찌개/전골,5.0,서울 구로구 도림로 65,매일 10:00 ~ 21:00,02-864-8599,7,1건
도미노피자 구로점,피자,4.0,서울 구로구 구로동로 218,,02-859-3082,1,4건
황가네 맛있는포장마차,실내포장마차,5.0,서울 구로구 경인로35길 131-25,,070-8635-1252,7,2건
아이마라,중식,5.0,서울 구로구 공원로8길 59 1층,,02-865-0999,10,9건
개성진찹쌀순대,순대,5.0,서울 구로구 고척로40길 30 1층,월~토 09:30 ~ 24:00,02-3666-8243,6,3건
1988옛날통닭 오류점,치킨,2.5,서울 구로구 오류로8길 63,,02-2614-9777,2,2건
윤커피,카페,4.9,서울 구로구 경인로15길 19 1층 102호,월~토 11:00 ~ 22:00,070-7793-0477,17,8건
박용석스시,일식집,0.0,서울 구로구 도림로 15,,02-837-3336,0,0건
노랑통닭 신도림점,치킨,1.3,서울 구로구 새말로18길 20-15,영업시간 매일 15:00 ~ 24:00,02-859-2942,8,3건
서양포차,실내포장마차,3.8,서울 구로구 디지털로27길 52,매일 11:30 ~ 02:00,02-855-5141,15,4건
고마워케이크 롯데시티호텔점,제과/베이커리,2.5,서울 구로구 디지털로 300 롯데시티호텔 구로 1층,매일 10:30 ~ 22:30,,35,8건
투썸플레이스 구로대륭1차점,커피전문점,2.4,서울 구로구 디지털로 288 대륭포스트타워1차 1층 114호,월~금 07:00 ~ 23:00,02-866-2644,5,5건
하우돈곱창 신도림점,곱창/막창,4.0,서울 구로구 공원로6나길 35-21,매일 14:00 ~ 02:00,02-858-5256,36,8건
그린머그,카페,3.8,서울 구로구 새말로18길 24,,,24,5건
